{
  "2": {
    "2": 2.75,
    "20": 3,
    "25": 3.5,
    "31": 3.75,
    "36": 4
  },
  "3": {
    "2": 2.75,
    "20": 3,
    "25": 3.5,
    "31": 3.75,
    "36": 4
  },
  "4": {
    "2": 2.75,
    "20": 3,
    "25": 3.5,
    "31": 3.75,
    "36": 4
  },
  "5": {
    "2": 2.75,
    "8": 1.7,
    "11": 2.75,
    "20": 3,
    "25": 3.5,
    "31": 3.75,
    "36": 4
  },
  "6": {
    "2": 2.75,
    "8": 1.7,
    "11": 2.25,
    "20": 3,
    "25": 3.5,
    "31": 3.75,
    "36": 4
  },
  "7": {
    "2": 2.75,
    "8": 1.7,
    "12": 2.25,
    "20": 3,
    "25": 3.5,
    "31": 3.75,
    "36": 4
  },
  "8": {
    "2": 2.75,
    "4": 3.5,
    "5": 1.7,
    "12": 1.75,
    "14": 2.25,
    "20": 3,
    "25": 3.5,
    "31": 3.75,
    "36": 4
  },
  "9": {
    "2": 2.75,
    "4": 3.5,
    "5": 1.7,
    "11": 1.75,
    "16": 2.25,
    "20": 3,
    "25": 3.5,
    "31": 3.75,
    "36": 4
  },
  "10": {
    "2": 2.75,
    "4": 3.5,
    "5": 1.7,
    "10": 2,
    "11": 1.75,
    "16": 2.75,
    "17": 2.5,
    "20": 3,
    "25": 3.5,
    "31": 3.75,
    "36": 4
  },
  "11": {
    "2": 2.75,
    "4": 3.5,
    "5": 3.75,
    "6": 2.5,
    "7": 1.7,
    "9": 1.75,
    "11": 2,
    "12": 1.75,
    "16": 2.75,
    "17": 2.5,
    "18": 2.75,
    "20": 3,
    "25": 3.5,
    "31": 3.75,
    "32": 4
  },
  "12": {
    "2": 2.75,
    "4": 3.5,
    "5": 3.75,
    "6": 2.5,
    "7": 1.7,
    "8": 1.75,
    "11": 2.5,
    "12": 2,
    "13": 2.5,
    "14": 1.75,
    "17": 2.5,
    "18": 1.75,
    "19": 2.5,
    "20": 3,
    "25": 3.5,
    "31": 3.75,
    "32": 4
  },
  "13": {
    "2": 2.75,
    "4": 3.5,
    "5": 3.75,
    "6": 2.5,
    "8": 1.75,
    "12": 2.5,
    "15": 1.75,
    "16": 2.5,
    "20": 3,
    "25": 3.5,
    "31": 3.75,
    "32": 4
  },
  "14": {
    "2": 2.75,
    "4": 3.5,
    "5": 3.75,
    "6": 2.5,
    "9": 1.75,
    "13": 2.5,
    "20": 3,
    "25": 3.5,
    "31": 3.75,
    "32": 4
  },
  "15": {
    "2": 2.75,
    "4": 3.5,
    "5": 3.75,
    "6": 2.75,
    "9": 1.75,
    "14": 2.75,
    "20": 3,
    "25": 3.5,
    "31": 3.75,
    "32": 4
  },
  "16": {
    "2": 2.75,
    "4": 3.5,
    "5": 3.75,
    "6": 2.75,
    "12": 1.75,
    "13": 2.5,
    "14": 2.75,
    "20": 3,
    "25": 3.5,
    "31": 3.75,
    "32": 4
  },
  "17": {
    "2": 2.75,
    "4": 3.5,
    "5": 3.75,
    "6": 2.75,
    "12": 1.75,
    "13": 2.5,
    "14": 2.75,
    "20": 3,
    "25": 3.5,
    "31": 3.75,
    "32": 4
  },
  "18": {
    "2": 2.75,
    "4": 3.5,
    "5": 3.75,
    "6": 2.75,
    "12": 1.75,
    "13": 2.5,
    "14": 2.75,
    "16": 1.75,
    "19": 2.75,
    "20": 3,
    "25": 3.5,
    "31": 3.75,
    "32": 4
  },
  "19": {
    "2": 2.75,
    "4": 3.5,
    "5": 3.75,
    "6": 2.75,
    "10": 2.5,
    "11": 2.75,
    "20": 3,
    "25": 3.5,
    "31": 3.75,
    "32": 4
  },
  "20": {
    "2": 3,
    "25": 3.5,
    "31": 3.75,
    "32": 4
  },
  "21": {
    "2": 3,
    "25": 3.5,
    "31": 3.75,
    "32": 4
  },
  "22": {
    "2": 3,
    "25": 3.5,
    "31": 3.75,
    "32": 4
  },
  "23": {
    "2": 3,
    "25": 3.5,
    "31": 3.75,
    "32": 4
  },
  "24": {
    "2": 3,
    "25": 3.5,
    "31": 3.75,
    "32": 4
  },
  "25": {
    "2": 3.5,
    "11": 3.75,
    "12": 3.5,
    "25": 3.75,
    "31": 4
  },
  "26": {
    "2": 3.5,
    "11": 3.75,
    "12": 3.5,
    "25": 3.75,
    "31": 4
  },
  "27": {
    "2": 3.5,
    "11": 3.75,
    "12": 3.5,
    "25": 3.75,
    "31": 4
  },
  "28": {
    "2": 3.5,
    "11": 3.75,
    "12": 3.5,
    "25": 3.75,
    "31": 4
  },
  "29": {
    "2": 3.5,
    "11": 3.75,
    "12": 3.5,
    "25": 3.75,
    "31": 4
  },
  "30": {
    "2": 3.5,
    "11": 3.75,
    "12": 3.5,
    "25": 3.75,
    "31": 4
  },
  "31": {
    "2": 3.75,
    "25": 4
  },
  "32": {
    "2": 3.75,
    "11": 4
  },
  "33": {
    "2": 3.75,
    "11": 4
  },
  "34": {
    "2": 3.75,
    "11": 4
  },
  "35": {
    "2": 3.75,
    "11": 4
  },
  "36": {
    "2": 4
  },
  "37": {
    "2": 4
  },
  "38": {
    "2": 4
  },
  "39": {
    "2": 4
  },
  "40": {
    "2": 4
  }
}