{
  "2": {
    "2": 3.03,
    "20": 3.3,
    "25": 3.85,
    "31": 4.13,
    "36": 4.4
  },
  "3": {
    "2": 3.03,
    "20": 3.3,
    "25": 3.85,
    "31": 4.13,
    "36": 4.4
  },
  "4": {
    "2": 3.03,
    "20": 3.3,
    "25": 3.85,
    "31": 4.13,
    "36": 4.4
  },
  "5": {
    "2": 3.03,
    "8": 1.87,
    "11": 3.03,
    "20": 3.3,
    "25": 3.85,
    "31": 4.13,
    "36": 4.4
  },
  "6": {
    "2": 3.03,
    "8": 1.87,
    "11": 2.48,
    "20": 3.3,
    "25": 3.85,
    "31": 4.13,
    "36": 4.4
  },
  "7": {
    "2": 3.03,
    "8": 1.87,
    "12": 2.48,
    "20": 3.3,
    "25": 3.85,
    "31": 4.13,
    "36": 4.4
  },
  "8": {
    "2": 3.03,
    "4": 3.85,
    "5": 1.87,
    "12": 1.93,
    "14": 2.48,
    "20": 3.3,
    "25": 3.85,
    "31": 4.13,
    "36": 4.4
  },
  "9": {
    "2": 3.03,
    "4": 3.85,
    "5": 1.87,
    "11": 1.93,
    "16": 2.48,
    "20": 3.3,
    "25": 3.85,
    "31": 4.13,
    "36": 4.4
  },
  "10": {
    "2": 3.03,
    "4": 3.85,
    "5": 1.87,
    "10": 2.2,
    "11": 1.93,
    "16": 2.75,
    "20": 3.3,
    "25": 3.85,
    "31": 4.13,
    "36": 4.4
  },
  "11": {
    "2": 3.03,
    "4": 3.85,
    "5": 4.13,
    "6": 2.75,
    "7": 1.87,
    "9": 1.93,
    "11": 2.2,
    "12": 1.93,
    "16": 2.75,
    "18": 3.03,
    "20": 3.3,
    "25": 3.85,
    "31": 4.13,
    "32": 4.4
  },
  "12": {
    "2": 3.03,
    "4": 3.85,
    "5": 4.13,
    "6": 2.75,
    "7": 1.87,
    "8": 1.93,
    "11": 2.75,
    "12": 2.2,
    "13": 1.93,
    "20": 3.3,
    "25": 3.85,
    "31": 4.13,
    "32": 4.4
  },
  "13": {
    "2": 3.03,
    "4": 3.85,
    "5": 4.13,
    "6": 2.75,
    "8": 1.93,
    "13": 2.75,
    "15": 1.93,
    "16": 2.75,
    "20": 3.3,
    "25": 3.85,
    "31": 4.13,
    "32": 4.4
  },
  "14": {
    "2": 3.03,
    "4": 3.85,
    "5": 4.13,
    "6": 2.75,
    "9": 1.93,
    "13": 2.75,
    "20": 3.3,
    "25": 3.85,
    "31": 4.13,
    "32": 4.4
  },
  "15": {
    "2": 3.03,
    "4": 3.85,
    "5": 4.13,
    "6": 3.03,
    "9": 1.93,
    "13": 2.75,
    "14": 3.03,
    "20": 3.3,
    "25": 3.85,
    "31": 4.13,
    "32": 4.4
  },
  "16": {
    "2": 3.03,
    "4": 3.85,
    "5": 4.13,
    "6": 3.03,
    "11": 1.93,
    "13": 2.75,
    "14": 3.03,
    "20": 3.3,
    "25": 3.85,
    "31": 4.13,
    "32": 4.4
  },
  "17": {
    "2": 3.03,
    "4": 3.85,
    "5": 4.13,
    "6": 3.03,
    "11": 1.93,
    "13": 2.75,
    "14": 3.03,
    "20": 3.3,
    "25": 3.85,
    "31": 4.13,
    "32": 4.4
  },
  "18": {
    "2": 3.03,
    "4": 3.85,
    "5": 4.13,
    "6": 3.03,
    "11": 1.93,
    "13": 2.75,
    "14": 3.03,
    "16": 1.93,
    "19": 3.03,
    "20": 3.3,
    "25": 3.85,
    "31": 4.13,
    "32": 4.4
  },
  "19": {
    "2": 3.03,
    "4": 3.85,
    "5": 4.13,
    "6": 3.03,
    "10": 3.3,
    "11": 1.93,
    "13": 3.03,
    "20": 3.3,
    "25": 3.85,
    "31": 4.13,
    "32": 4.4
  },
  "20": {
    "2": 3.3,
    "25": 3.85,
    "31": 4.13,
    "32": 4.4
  },
  "21": {
    "2": 3.3,
    "25": 3.85,
    "31": 4.13,
    "32": 4.4
  },
  "22": {
    "2": 3.3,
    "25": 3.85,
    "31": 4.13,
    "32": 4.4
  },
  "23": {
    "2": 3.3,
    "25": 3.85,
    "31": 4.13,
    "32": 4.4
  },
  "24": {
    "2": 3.3,
    "25": 3.85,
    "31": 4.13,
    "32": 4.4
  },
  "25": {
    "2": 3.85,
    "11": 4.13,
    "12": 3.85,
    "25": 4.13,
    "31": 4.4
  },
  "26": {
    "2": 3.85,
    "11": 4.13,
    "12": 3.85,
    "25": 4.13,
    "31": 4.4
  },
  "27": {
    "2": 3.85,
    "11": 4.13,
    "12": 3.85,
    "25": 4.13,
    "31": 4.4
  },
  "28": {
    "2": 3.85,
    "11": 4.13,
    "12": 3.85,
    "25": 4.13,
    "31": 4.4
  },
  "29": {
    "2": 3.85,
    "11": 4.13,
    "12": 3.85,
    "25": 4.13,
    "31": 4.4
  },
  "30": {
    "2": 3.85,
    "11": 4.13,
    "12": 3.85,
    "25": 4.13,
    "31": 4.4
  },
  "31": {
    "2": 4.13,
    "25": 4.4
  },
  "32": {
    "2": 4.13,
    "11": 4.4
  },
  "33": {
    "2": 4.13,
    "11": 4.4
  },
  "34": {
    "2": 4.13,
    "11": 4.4
  },
  "35": {
    "2": 4.13,
    "11": 4.4
  },
  "36": {
    "2": 4.4
  },
  "37": {
    "2": 4.4
  },
  "38": {
    "2": 4.4
  },
  "39": {
    "2": 4.4
  },
  "40": {
    "2": 4.4
  }
}